"1","150","192","2023-06-27 22:29:25","2023-06-27 22:29:25"
"2","151","194","2023-06-27 23:46:11","2023-06-27 23:46:11"
"3","152","196","2023-06-27 23:46:11","2023-06-27 23:46:11"
"3","153","197","2023-06-27 23:46:11","2023-06-27 23:46:11"
"4","154","198","2023-06-27 22:29:25","2023-06-27 22:29:25"
"5","155","200","2023-06-27 23:46:11","2023-06-27 23:46:11"
"5","156","193","2023-06-27 23:46:11","2023-06-27 23:46:11"
"5","157","192","2023-06-27 23:46:11","2023-06-27 23:46:11"
"6","158","198","2023-06-27 23:46:11","2023-06-27 23:46:11"
"7","158","193","2023-06-27 22:29:25","2023-06-27 22:29:25"
"8","156","195","2023-06-27 23:46:11","2023-06-27 23:46:11"
"9","150","197","2023-06-27 23:46:11","2023-06-27 23:46:11"
"10","151","199","2023-06-27 23:46:11","2023-06-27 23:46:11"
