"1","1","testman","2023-06-01","0000-00-00","0000-00-00","2023-06-21 23:40:59","2023-06-21 23:40:59"
"2","1","postman","2023-06-21","0000-00-00","0000-00-00","2023-06-22 00:26:08","2023-06-22 00:26:08"
"3","1","getman","2023-06-21","0000-00-00","0000-00-00","2023-06-22 00:26:58","2023-06-24 18:29:14"
"4","1","puman","2023-06-21","2023-06-22","0000-00-00","2023-06-22 00:27:16","2023-06-22 00:27:16"
"5","1","testwoman","2023-06-01","0000-00-00","0000-00-00","2023-06-21 23:40:59","2023-06-21 23:40:59"
"6","1","postwoman","2023-06-21","0000-00-00","0000-00-00","2023-06-22 00:26:08","2023-06-22 00:26:08"
"7","1","getwoman","2023-06-21","0000-00-00","0000-00-00","2023-06-22 00:26:58","2023-06-24 18:29:14"
"8","1","puwoman","2023-06-21","2023-06-22","0000-00-00","2023-06-22 00:27:16","2023-06-22 00:27:16"
"9","1","crudman","2023-06-21","2023-06-22","0000-00-00","2023-06-22 00:27:16","2023-06-22 00:27:16"
"10","1","robot","2023-06-21","2023-06-22","0000-00-00","2023-06-22 00:27:16","2023-06-22 00:27:16"
