"1","1","aaaaaa","2023-06-10","tokyo","2023-06-03 19:22:20","2023-06-24 19:24:57"
"2","1","bbbbbb","2023-06-07","kyoto","2023-06-06 23:40:57","2023-06-06 23:40:57"
"3","1","cccccc","2023-06-21","osaka","2023-06-24 01:17:36","2023-06-24 01:17:36"
"4","1","dddddd","2023-06-30","hokkaido","2023-06-24 19:20:26","2023-06-24 19:20:26"
"5","1","eeeeee","2023-06-10","nagoya","2023-06-03 19:22:20","2023-06-24 19:24:57"
"6","1","ffffff","2023-06-07","toyama","2023-06-06 23:40:57","2023-06-06 23:40:57"
"7","1","gggggg","2023-06-21","fukui","2023-06-24 01:17:36","2023-06-24 01:17:36"
"8","1","hhhhhh","2023-06-30","akita","2023-06-24 19:20:26","2023-06-24 19:20:26"
"9","1","iiiiii","2023-06-30","tokushima","2023-06-24 19:20:26","2023-06-24 19:20:26"
"10","1","jjjjjj","2023-06-30","yamaguchi","2023-06-24 19:20:26","2023-06-24 19:20:26"
